ProjectCode,ProjectDescription,createdAt,createdBy,modifiedAt,modifiedBy
a-28570458,ProjectDescription-28570458,2003-10-24T00:00:00.000Z,createdBy.h0d3u@example.com,2007-05-01T00:00:00.000Z,modifiedBy.h0d3u@example.net
a-28570459,ProjectDescription-28570459,2000-12-30T00:00:00.000Z,createdBy.h0d3v@example.com,2016-05-14T00:00:00.000Z,modifiedBy.h0d3v@example.org
a-28570460,ProjectDescription-28570460,2021-06-06T00:00:00.000Z,createdBy.h0d3w@example.net,2010-07-09T00:00:00.000Z,modifiedBy.h0d3w@example.org
a-28570461,ProjectDescription-28570461,2001-07-21T00:00:00.000Z,createdBy.h0d3x@example.com,2021-10-27T00:00:00.000Z,modifiedBy.h0d3x@example.net
a-28570462,ProjectDescription-28570462,2001-04-21T00:00:00.000Z,createdBy.h0d3y@example.org,2005-01-21T00:00:00.000Z,modifiedBy.h0d3y@example.net
a-28570463,ProjectDescription-28570463,2016-12-13T00:00:00.000Z,createdBy.h0d3z@example.org,2009-10-21T00:00:00.000Z,modifiedBy.h0d3z@example.com
a-28570464,ProjectDescription-28570464,2020-01-30T00:00:00.000Z,createdBy.h0d40@example.net,2005-11-02T00:00:00.000Z,modifiedBy.h0d40@example.net
a-28570465,ProjectDescription-28570465,2019-02-09T00:00:00.000Z,createdBy.h0d41@example.net,2016-05-05T00:00:00.000Z,modifiedBy.h0d41@example.net
a-28570466,ProjectDescription-28570466,2020-01-07T00:00:00.000Z,createdBy.h0d42@example.com,2011-04-12T00:00:00.000Z,modifiedBy.h0d42@example.org
a-28570467,ProjectDescription-28570467,2004-01-29T00:00:00.000Z,createdBy.h0d43@example.com,2021-06-16T00:00:00.000Z,modifiedBy.h0d43@example.com